use Final_Library;


INSERT INTO Item
VALUES(252663,'1987-10-27',0,8.95,1,'Top Shelf', 1);

INSERT INTO Item
VALUES(715810,'2007-01-02',1,38.33,0,'Bottom Shelf', 1);

INSERT INTO Item
VALUES(296026,'2018-03-09',1,0.00,1,'Second Shelf', 1);

INSERT INTO Item
VALUES(243139,'1996-08-14',1,16.99,1,'First Shelf', 1);

INSERT INTO Item
VALUES(609672,'2001-09-11',0,0.00,0,'Third Shelf', 0);

INSERT INTO Item
VALUES(52062,'2005-07-07',1,20.20,0,'Top Shelf', 1);

INSERT INTO Item
VALUES(307366,'2008-11-04',1,6.77,1,'Bottom Shelf', 1);

INSERT INTO Item
VALUES(753749,'2016-11-06',1,1.00,1,'Top Shelf', 0);

INSERT INTO Item
VALUES(733112,'1999-12-31',0,0.50,0,'Bottom Shelf', 0);

INSERT INTO Item
VALUES(973722,'2012-12-21',1,103.97,0,'First Shelf', 0);

INSERT INTO Title
VALUES(973722,'American Gods','Book',1561,645321,6);

INSERT INTO Title
VALUES(733112,'One Second After','Book',86380,543, 7);

INSERT INTO Title
VALUES(753749,'Wonder Woman','Movie',17810,NULL,2);

INSERT INTO Title
VALUES(307366,'A Farewell To Arms','Book',38735,98, 5);

INSERT INTO Title
VALUES(52062,'What is the What','Book',43958,392, 3);

INSERT INTO Title
VALUES(609672,'The Last of the Mohicans','Book',49471,255,8);

INSERT INTO Title
VALUES(243139,'The Shawshank Redemption','Movie',59500,NULL, 1);

INSERT INTO Title
VALUES(296026,'Major League','Movie',63678,NULL, 4);

INSERT INTO Title
VALUES(715810,'A Few Good Men','Movie',63815,NULL, 1);

INSERT INTO Title
VALUES(252663,'Lawrence of Arabia','Movie',5095,NULL, 3);

INSERT INTO Customer
VALUES('1396 Briarcliff Road Bolingbrook IL 66810','Chee Kin Chan',0,NULL,24329);

INSERT INTO Customer
VALUES('1211 Plainfield Road Joliet IL 60540','Ben Brudenell',2,1,29088);

INSERT INTO Customer
VALUES('1055 E Gartner Road Naperville IL 96139','Simon Wood',1,NULL,29141);

INSERT INTO Customer
VALUES('2815 Mistflower Lane Naperville IL 60564','Andrew Hamilton',3,NULL,22700);


INSERT INTO Customer
VALUES('1319 N Lake Street Aurora IL 66221','Victoria Lord',1,12,82790);


INSERT INTO Customer
VALUES('4117 Stableford Lane Paris TX','Lara Derham',4,5,56510);


INSERT INTO Customer
VALUES('3536 Scotsdale Circle Wheaton IL','Jeanette Manifold',3,2,77405);


INSERT INTO Customer
VALUES('3019 Naper Boulevard Deering IL','Genevieve McMahon',1,1,5486);


INSERT INTO Customer
VALUES('1600 Pennsylvania Avenue Bartlett IL','Christine Koole',5,NULL,15828);


INSERT INTO Customer
VALUES('411 Centennial Drive Saint Louis MO','Joel Beach',7,11,88683);


